Company Name,Contact Name,Phone Number,Account Number
"Moore, Williams and Howard",Jeffrey Buck,001-329-531-9933x811,ACC9152546
Lamb LLC,Mariah Taylor,(688)284-2321,ACC7853737
Cooper Ltd,Kaitlyn Hall,969-290-4235x36588,ACC4666894
Moore-Chung,Johnathan Brown,(160)022-9849x921,ACC6428594
"Holmes, Cook and Nixon",Daniel Leonard,+1-142-448-4462x1756,ACC6443104
Hernandez PLC,Ronnie Miller,275.701.5101,ACC3956160
"Knox, Mcbride and Garcia",Jose Roberts,001-584-829-8325,ACC3381547
Vargas-Miller,Allen Fowler,496-091-4830x821,ACC1338965
Sutton-Giles,Ms. Susan Mclaughlin MD,743-785-7819,ACC8305704
"Rogers, Goodman and Walker",Nicole Lewis,919-646-3100x86195,ACC1351042
Russo-Jackson,Brandy Bowen,+1-486-787-3249x1474,ACC8364973
Johnson LLC,Dana Taylor,759.028.9938,ACC1059913
King-Perez,David Aguilar,(272)705-1445,ACC3569283
Hamilton PLC,James Walsh,(672)140-8866,ACC9003263
"Stein, Mann and Hicks",Jason Alvarez,001-604-568-2923x04241,ACC5671035
Burton-Freeman,Francisco Barnett,(649)166-9393,ACC6599375
Petersen-Khan,Toni Waller,+1-433-248-9279x5276,ACC6968903
Lewis-Beard,Shirley Davis,3960557191,ACC8168304
"Thomas, Coleman and Sparks",Christopher Bailey,+1-444-237-3667x3736,ACC7435431
Singh LLC,Christopher White,341.198.4207x1101,ACC3963195
Pham Inc,Tracy Farmer,(076)208-5346x5097,ACC1046678
"Hernandez, Morrison and Duncan",Dominique Huang,686-944-1314x67632,ACC3957320
Gilbert-Meyer,Derek Curry,475.931.1530x4987,ACC5986477
Fleming PLC,Daniel Hughes MD,639.490.9675,ACC6509178
Aguirre-Frey,Michael Singh,(691)077-4246x1917,ACC4565589
"Hurley, Rodriguez and Rodriguez",Morgan Sanders,077-522-1436x3793,ACC8308658
"Lee, Patel and Nelson",Dennis Melendez,+1-238-174-3567x551,ACC9522388
Medina-Burns,Meghan Sanders,(201)220-6129,ACC5453422
Floyd and Sons,Curtis Mccarthy,(204)365-8350x65420,ACC3920241
Duran Inc,Jasmine Stephens,988-261-9650x97646,ACC9777507
"Brown, West and Lane",Daniel Hamilton,(836)570-0594,ACC1611446
"Gonzalez, Hoffman and Walker",Denise Smith,723-231-9986x02347,ACC5409826
Allen LLC,Matthew Wallace,416-688-9957x1041,ACC5244411
Holder Group,Andrea Hicks,708.401.2880x3317,ACC9684757
Burns-Harris,Gregory Garner,8717086592,ACC3243985
Burns and Sons,Christine Hill,600.992.7003,ACC5939428
Martin Group,Michelle Davis,875.132.3763x04584,ACC6236484
Baker-Campbell,Ralph Decker,+1-071-070-0191x208,ACC4704261
"Henry, Vasquez and Blackwell",Kim Fuller,092.916.9672,ACC7815217
"Owens, Taylor and Morgan",Lisa Roth,0408349918,ACC8013568
"Griffith, Weaver and Payne",Richard Boone,001-811-295-5742x71145,ACC3869952
"Jones, Harris and Figueroa",Chelsea Mcdaniel,001-817-091-0223,ACC1097157
"Garcia, Trujillo and Carpenter",Wendy Bailey,1319801073,ACC2095110
White Ltd,Brian Cole,846-143-0853,ACC1078744
Flores Inc,Madison Strickland,+1-211-796-4471,ACC5288837
"Tucker, Valencia and Rivera",Jaime Clark,471-220-0871x85925,ACC4047815
"Rodriguez, Vega and Bishop",Melanie Reynolds,(641)602-7556,ACC7848165
Goodwin-Colon,Nancy Richardson,720-800-1277x6554,ACC5134045
Rodriguez Ltd,Jennifer Williams,(578)134-1303x31096,ACC0861327
Brown and Sons,Jerry Woods,108-257-6297x4167,ACC0403570
