Firstname,Lastname,email,Hiredate
Madeline,Gibson,madeline.gibson@gmail.com,2023-11-21
Cody,Thompson,cody.thompson@hotmail.com,2022-02-24
Jeremy,Barton,jeremy.barton@yahoo.com,2021-02-07
Sheri,Mcknight,sheri.mcknight@yahoo.com,2022-12-11
Jessica,Ray,jessica.ray@hotmail.com,2023-05-15
Kevin,Wells,kevin.wells@hotmail.com,2024-04-27
Michael,Harris,michael.harris@hotmail.com,2022-08-24
Sandra,Pierce,sandra.pierce@hotmail.com,2023-08-12
Veronica,Arnold,veronica.arnold@gmail.com,2022-07-26
Sharon,Gomez,sharon.gomez@yahoo.com,2023-04-10
Grace,Wong,grace.wong@yahoo.com,2020-04-24
Kim,Estrada,kim.estrada@hotmail.com,2023-05-22
Laura,Clayton,laura.clayton@gmail.com,2021-06-27
Paul,Robinson,paul.robinson@gmail.com,2021-12-12
Matthew,Smith,matthew.smith@gmail.com,2022-05-08
Anita,Cruz,anita.cruz@gmail.com,2022-01-09
Tyler,Turner,tyler.turner@hotmail.com,2021-12-08
David,Branch,david.branch@hotmail.com,2021-11-16
Gregory,Ayala,gregory.ayala@yahoo.com,2022-02-28
Alexander,Jensen,alexander.jensen@gmail.com,2021-03-12
Cheryl,Payne,cheryl.payne@gmail.com,2022-02-13
Marie,Hood,marie.hood@yahoo.com,2023-06-12
Michael,Yang,michael.yang@yahoo.com,2021-08-06
Tiffany,Jordan,tiffany.jordan@yahoo.com,2024-12-27
Michelle,Brown,michelle.brown@gmail.com,2022-05-03
Allison,Alvarado,allison.alvarado@yahoo.com,2024-05-17
Janet,Freeman,janet.freeman@gmail.com,2023-12-19
Jason,Mclaughlin,jason.mclaughlin@hotmail.com,2024-10-17
Scott,Garcia,scott.garcia@hotmail.com,2022-12-13
Sean,Moreno,sean.moreno@hotmail.com,2022-12-16
Matthew,Smith,matthew.smith@gmail.com,2021-09-14
Jasmine,Anderson,jasmine.anderson@gmail.com,2021-10-15
Ryan,Campbell,ryan.campbell@yahoo.com,2024-10-19
Lisa,Patterson,lisa.patterson@yahoo.com,2024-09-30
Scott,Hardy,scott.hardy@hotmail.com,2020-07-25
Gregory,Johnson,gregory.johnson@gmail.com,2020-05-01
Scott,Collins,scott.collins@gmail.com,2021-02-22
Amanda,Hall,amanda.hall@yahoo.com,2022-05-06
Mary,Russell,mary.russell@gmail.com,2021-08-13
Devon,Becker,devon.becker@hotmail.com,2022-09-19
Jorge,Lutz,jorge.lutz@gmail.com,2020-04-29
Gabriel,Jones,gabriel.jones@hotmail.com,2023-07-14
Gary,Waters,gary.waters@yahoo.com,2022-02-28
Amy,Zavala,amy.zavala@yahoo.com,2021-05-31
Michael,Solis,michael.solis@hotmail.com,2021-11-19
Kenneth,Trujillo,kenneth.trujillo@gmail.com,2022-07-20
Suzanne,Marsh,suzanne.marsh@yahoo.com,2020-08-02
Bryan,Peters,bryan.peters@gmail.com,2024-12-28
Patricia,Oneal,patricia.oneal@yahoo.com,2022-02-04
Anita,Brown,anita.brown@gmail.com,2021-02-14
